LocID,Region,yearr,PopMale,PopFemale,PopTotal,PopDensity
2036, East Asia and Pacific,1950,437,419,856,35.085
2036, East Asia and Pacific,1951,448,429,877,35.964
2036, East Asia and Pacific,1952,457,439,896,36.74
2036, East Asia and Pacific,1953,466,447,913,37.453
2036, East Asia and Pacific,1954,474,456,930,38.137
2036, East Asia and Pacific,1955,482,464,947,38.815
2036, East Asia and Pacific,1956,491,473,963,39.505
2036, East Asia and Pacific,1957,499,481,981,40.215
2036, East Asia and Pacific,1958,508,490,999,40.949
2036, East Asia and Pacific,1959,518,500,1017,41.704
2036, East Asia and Pacific,1960,527,509,1036,42.477
2036, East Asia and Pacific,1961,537,519,1055,43.27
2036, East Asia and Pacific,1962,547,529,1075,44.093
2036, East Asia and Pacific,1963,557,539,1097,44.968
2036, East Asia and Pacific,1964,569,551,1120,45.922
2036, East Asia and Pacific,1965,582,564,1146,46.973
2036, East Asia and Pacific,1966,596,578,1174,48.126
2036, East Asia and Pacific,1967,611,593,1204,49.371
2036, East Asia and Pacific,1968,628,608,1236,50.679
2036, East Asia and Pacific,1969,644,624,1268,52.011
2036, East Asia and Pacific,1970,660,640,1301,53.338
2036, East Asia and Pacific,1971,677,656,1333,54.651
2036, East Asia and Pacific,1972,693,672,1365,55.951
2036, East Asia and Pacific,1973,708,687,1396,57.222
2036, East Asia and Pacific,1974,724,702,1425,58.447
2036, East Asia and Pacific,1975,738,716,1454,59.613
2036, East Asia and Pacific,1976,752,729,1481,60.714
2036, East Asia and Pacific,1977,764,742,1506,61.754
2036, East Asia and Pacific,1978,777,754,1530,62.754
2036, East Asia and Pacific,1979,789,765,1555,63.744
2036, East Asia and Pacific,1980,802,777,1579,64.745
2036, East Asia and Pacific,1981,814,790,1604,65.759
2036, East Asia and Pacific,1982,827,802,1629,66.782
2036, East Asia and Pacific,1983,840,815,1654,67.835
2036, East Asia and Pacific,1984,853,828,1681,68.941
2036, East Asia and Pacific,1985,868,842,1710,70.111
2036, East Asia and Pacific,1986,883,857,1740,71.36
2036, East Asia and Pacific,1987,899,873,1772,72.672
2036, East Asia and Pacific,1988,916,889,1805,74.001
2036, East Asia and Pacific,1989,932,904,1836,75.285
2036, East Asia and Pacific,1990,947,918,1865,76.477
2036, East Asia and Pacific,1991,960,931,1892,77.56
2036, East Asia and Pacific,1992,972,943,1916,78.546
2036, East Asia and Pacific,1993,983,954,1938,79.456
2036, East Asia and Pacific,1994,994,965,1959,80.323
2036, East Asia and Pacific,1995,1004,975,1980,81.173
2036, East Asia and Pacific,1996,1015,985,2000,82.01
2036, East Asia and Pacific,1997,1025,995,2020,82.828
2036, East Asia and Pacific,1998,1034,1005,2039,83.624
2036, East Asia and Pacific,1999,1044,1014,2058,84.393
2036, East Asia and Pacific,2000,1053,1023,2076,85.134
2036, East Asia and Pacific,2001,1062,1032,2094,85.847
2036, East Asia and Pacific,2002,1070,1040,2110,86.537
2036, East Asia and Pacific,2003,1079,1048,2127,87.21
2036, East Asia and Pacific,2004,1087,1056,2143,87.873
2036, East Asia and Pacific,2005,1095,1064,2159,88.53
2036, East Asia and Pacific,2006,1104,1071,2175,89.183
2036, East Asia and Pacific,2007,1112,1079,2191,89.833
2036, East Asia and Pacific,2008,1120,1087,2207,90.483
2036, East Asia and Pacific,2009,1128,1094,2223,91.136
2036, East Asia and Pacific,2010,1136,1102,2239,91.796
2036, East Asia and Pacific,2011,1145,1110,2255,92.462
2036, East Asia and Pacific,2012,1153,1118,2271,93.133
2036, East Asia and Pacific,2013,1161,1127,2288,93.802
2036, East Asia and Pacific,2014,1169,1135,2304,94.461
2036, East Asia and Pacific,2015,1177,1143,2319,95.104
2036, East Asia and Pacific,2016,1184,1150,2335,95.726
2036, East Asia and Pacific,2017,1191,1158,2349,96.329
2036, East Asia and Pacific,2018,1198,1165,2363,96.907
2036, East Asia and Pacific,2019,1205,1172,2377,97.457
2036, East Asia and Pacific,2020,1211,1179,2389,97.975
2036, East Asia and Pacific,2021,1216,1185,2401,98.46
2036, East Asia and Pacific,2022,1222,1191,2412,98.909
2036, East Asia and Pacific,2023,1226,1196,2422,99.326
2036, East Asia and Pacific,2024,1231,1201,2432,99.714
2036, East Asia and Pacific,2025,1235,1206,2441,100.074
2036, East Asia and Pacific,2026,1238,1210,2449,100.407
2036, East Asia and Pacific,2027,1242,1214,2456,100.712
2036, East Asia and Pacific,2028,1245,1218,2463,100.99
2036, East Asia and Pacific,2029,1247,1222,2469,101.242
2036, East Asia and Pacific,2030,1250,1225,2475,101.469
2036, East Asia and Pacific,2031,1252,1228,2480,101.672
2036, East Asia and Pacific,2032,1253,1231,2484,101.851
2036, East Asia and Pacific,2033,1255,1233,2488,102.005
2036, East Asia and Pacific,2034,1256,1235,2491,102.135
2036, East Asia and Pacific,2035,1257,1237,2493,102.24
2036, East Asia and Pacific,2036,1257,1238,2495,102.322
2036, East Asia and Pacific,2037,1257,1239,2497,102.379
2036, East Asia and Pacific,2038,1258,1240,2498,102.413
2036, East Asia and Pacific,2039,1257,1241,2498,102.426
2036, East Asia and Pacific,2040,1257,1241,2498,102.417
2036, East Asia and Pacific,2041,1256,1241,2497,102.388
2036, East Asia and Pacific,2042,1255,1240,2496,102.338
2036, East Asia and Pacific,2043,1254,1240,2494,102.269
2036, East Asia and Pacific,2044,1253,1239,2492,102.178
2036, East Asia and Pacific,2045,1251,1238,2489,102.068
2036, East Asia and Pacific,2046,1250,1236,2486,101.938
2036, East Asia and Pacific,2047,1248,1235,2482,101.788
2036, East Asia and Pacific,2048,1246,1233,2478,101.62
2036, East Asia and Pacific,2049,1243,1230,2474,101.433
2036, East Asia and Pacific,2050,1241,1228,2469,101.228
2036, East Asia and Pacific,2051,1238,1225,2463,101.007
2036, East Asia and Pacific,2052,1235,1222,2457,100.768
2036, East Asia and Pacific,2053,1232,1219,2451,100.514
2036, East Asia and Pacific,2054,1229,1216,2445,100.245
2036, East Asia and Pacific,2055,1226,1212,2438,99.962
2036, East Asia and Pacific,2056,1222,1208,2431,99.666
2036, East Asia and Pacific,2057,1219,1204,2423,99.357
2036, East Asia and Pacific,2058,1215,1200,2415,99.038
2036, East Asia and Pacific,2059,1211,1196,2407,98.71
2036, East Asia and Pacific,2060,1208,1191,2399,98.373
2036, East Asia and Pacific,2061,1204,1187,2391,98.029
2036, East Asia and Pacific,2062,1200,1182,2382,97.678
2036, East Asia and Pacific,2063,1196,1178,2373,97.322
2036, East Asia and Pacific,2064,1192,1173,2365,96.961
2036, East Asia and Pacific,2065,1187,1168,2356,96.596
2036, East Asia and Pacific,2066,1183,1164,2347,96.229
2036, East Asia and Pacific,2067,1179,1159,2338,95.858
2036, East Asia and Pacific,2068,1175,1154,2329,95.485
2036, East Asia and Pacific,2069,1171,1149,2320,95.11
2036, East Asia and Pacific,2070,1166,1144,2310,94.733
2036, East Asia and Pacific,2071,1162,1139,2301,94.354
2036, East Asia and Pacific,2072,1157,1134,2292,93.974
2036, East Asia and Pacific,2073,1153,1129,2283,93.593
2036, East Asia and Pacific,2074,1149,1125,2273,93.21
2036, East Asia and Pacific,2075,1144,1120,2264,92.826
2036, East Asia and Pacific,2076,1140,1115,2254,92.442
2036, East Asia and Pacific,2077,1135,1110,2245,92.057
2036, East Asia and Pacific,2078,1130,1105,2236,91.671
2036, East Asia and Pacific,2079,1126,1100,2226,91.286
2036, East Asia and Pacific,2080,1121,1096,2217,90.901
2036, East Asia and Pacific,2081,1117,1091,2207,90.517
2036, East Asia and Pacific,2082,1112,1086,2198,90.134
2036, East Asia and Pacific,2083,1107,1081,2189,89.752
2036, East Asia and Pacific,2084,1103,1077,2180,89.373
2036, East Asia and Pacific,2085,1098,1072,2170,88.997
2036, East Asia and Pacific,2086,1094,1068,2161,88.624
2036, East Asia and Pacific,2087,1089,1063,2152,88.254
2036, East Asia and Pacific,2088,1085,1059,2143,87.888
2036, East Asia and Pacific,2089,1080,1054,2135,87.526
2036, East Asia and Pacific,2090,1076,1050,2126,87.168
2036, East Asia and Pacific,2091,1071,1046,2117,86.814
2036, East Asia and Pacific,2092,1067,1042,2109,86.464
2036, East Asia and Pacific,2093,1062,1038,2100,86.117
2036, East Asia and Pacific,2094,1058,1034,2092,85.773
2036, East Asia and Pacific,2095,1054,1030,2083,85.43
2036, East Asia and Pacific,2096,1050,1026,2075,85.089
2036, East Asia and Pacific,2097,1045,1022,2067,84.748
2036, East Asia and Pacific,2098,1041,1018,2058,84.406
2036, East Asia and Pacific,2099,1037,1014,2050,84.064
2036, East Asia and Pacific,2100,1032,1010,2042,83.72
2029, Europe and Central Asia,1950,280,317,596,22.075
2029, Europe and Central Asia,1951,283,320,603,22.3
2029, Europe and Central Asia,1952,286,323,609,22.543
2029, Europe and Central Asia,1953,290,326,616,22.799
2029, Europe and Central Asia,1954,293,330,623,23.062
2029, Europe and Central Asia,1955,297,333,630,23.328
2029, Europe and Central Asia,1956,301,337,638,23.597
2029, Europe and Central Asia,1957,305,340,645,23.868
2029, Europe and Central Asia,1958,308,344,652,24.141
2029, Europe and Central Asia,1959,312,347,660,24.42
2029, Europe and Central Asia,1960,316,351,668,24.705
2029, Europe and Central Asia,1961,320,355,675,24.996
2029, Europe and Central Asia,1962,325,359,683,25.292
2029, Europe and Central Asia,1963,329,363,691,25.586
2029, Europe and Central Asia,1964,333,366,699,25.872
2029, Europe and Central Asia,1965,337,370,706,26.143
2029, Europe and Central Asia,1966,340,373,713,26.398
2029, Europe and Central Asia,1967,344,376,720,26.639
2029, Europe and Central Asia,1968,347,379,726,26.868
2029, Europe and Central Asia,1969,350,382,732,27.091
2029, Europe and Central Asia,1970,353,385,738,27.313
2029, Europe and Central Asia,1971,356,388,744,27.536
2029, Europe and Central Asia,1972,359,391,750,27.756
2029, Europe and Central Asia,1973,362,394,756,27.975
2029, Europe and Central Asia,1974,365,396,762,28.189
2029, Europe and Central Asia,1975,368,399,767,28.397
2029, Europe and Central Asia,1976,371,402,773,28.6
2029, Europe and Central Asia,1977,374,405,778,28.797
2029, Europe and Central Asia,1978,376,407,783,28.991
2029, Europe and Central Asia,1979,379,410,789,29.181
2029, Europe and Central Asia,1980,381,412,794,29.369
2029, Europe and Central Asia,1981,384,415,799,29.554
2029, Europe and Central Asia,1982,386,417,803,29.735
2029, Europe and Central Asia,1983,389,419,808,29.914
2029, Europe and Central Asia,1984,391,422,813,30.095
2029, Europe and Central Asia,1985,394,424,818,30.278
2029, Europe and Central Asia,1986,397,427,823,30.463
2029, Europe and Central Asia,1987,399,429,828,30.65
2029, Europe and Central Asia,1988,402,431,833,30.832
2029, Europe and Central Asia,1989,404,433,838,31.003
2029, Europe and Central Asia,1990,406,435,842,31.156
2029, Europe and Central Asia,1991,408,437,846,31.29
2029, Europe and Central Asia,1992,410,439,849,31.408
2029, Europe and Central Asia,1993,411,440,851,31.509
2029, Europe and Central Asia,1994,412,441,854,31.593
2029, Europe and Central Asia,1995,413,442,855,31.659
2029, Europe and Central Asia,1996,414,443,857,31.709
2029, Europe and Central Asia,1997,414,443,858,31.744
2029, Europe and Central Asia,1998,415,444,859,31.772
2029, Europe and Central Asia,1999,415,444,859,31.805
2029, Europe and Central Asia,2000,416,445,861,31.851
2029, Europe and Central Asia,2001,417,446,862,31.913
2029, Europe and Central Asia,2002,418,447,864,31.991
2029, Europe and Central Asia,2003,419,448,867,32.082
2029, Europe and Central Asia,2004,420,449,870,32.181
2029, Europe and Central Asia,2005,422,451,872,32.286
2029, Europe and Central Asia,2006,423,452,875,32.395
2029, Europe and Central Asia,2007,425,454,878,32.509
2029, Europe and Central Asia,2008,426,456,882,32.629
2029, Europe and Central Asia,2009,428,457,885,32.755
2029, Europe and Central Asia,2010,430,459,889,32.888
2029, Europe and Central Asia,2011,431,461,892,33.025
2029, Europe and Central Asia,2012,433,463,896,33.166
2029, Europe and Central Asia,2013,435,465,900,33.309
2029, Europe and Central Asia,2014,437,467,904,33.453
2029, Europe and Central Asia,2015,439,468,908,33.596
2029, Europe and Central Asia,2016,441,470,912,33.738
2029, Europe and Central Asia,2017,443,472,915,33.876
2029, Europe and Central Asia,2018,445,474,919,34.007
2029, Europe and Central Asia,2019,447,475,922,34.122
2029, Europe and Central Asia,2020,448,476,925,34.218
2029, Europe and Central Asia,2021,450,477,927,34.292
2029, Europe and Central Asia,2022,450,478,928,34.345
2029, Europe and Central Asia,2023,451,478,929,34.383
2029, Europe and Central Asia,2024,451,478,930,34.412
2029, Europe and Central Asia,2025,452,479,931,34.438
2029, Europe and Central Asia,2026,452,479,931,34.463
2029, Europe and Central Asia,2027,453,479,932,34.484
2029, Europe and Central Asia,2028,453,479,932,34.504
2029, Europe and Central Asia,2029,453,479,933,34.52
2029, Europe and Central Asia,2030,454,480,933,34.534
2029, Europe and Central Asia,2031,454,480,933,34.545
2029, Europe and Central Asia,2032,454,480,934,34.554
2029, Europe and Central Asia,2033,454,480,934,34.561
2029, Europe and Central Asia,2034,454,480,934,34.565
2029, Europe and Central Asia,2035,455,480,934,34.568
2029, Europe and Central Asia,2036,455,479,934,34.568
2029, Europe and Central Asia,2037,455,479,934,34.566
2029, Europe and Central Asia,2038,455,479,934,34.561
2029, Europe and Central Asia,2039,455,479,934,34.554
2029, Europe and Central Asia,2040,455,479,933,34.545
2029, Europe and Central Asia,2041,455,478,933,34.534
2029, Europe and Central Asia,2042,455,478,933,34.52
2029, Europe and Central Asia,2043,455,478,932,34.503
2029, Europe and Central Asia,2044,455,477,932,34.483
2029, Europe and Central Asia,2045,454,477,931,34.46
2029, Europe and Central Asia,2046,454,476,930,34.434
2029, Europe and Central Asia,2047,454,476,930,34.404
2029, Europe and Central Asia,2048,454,475,929,34.37
2029, Europe and Central Asia,2049,454,474,928,34.333
2029, Europe and Central Asia,2050,453,473,927,34.293
2029, Europe and Central Asia,2051,453,473,925,34.248
2029, Europe and Central Asia,2052,452,472,924,34.2
2029, Europe and Central Asia,2053,452,471,923,34.149
2029, Europe and Central Asia,2054,451,470,921,34.094
2029, Europe and Central Asia,2055,451,469,920,34.036
2029, Europe and Central Asia,2056,450,468,918,33.975
2029, Europe and Central Asia,2057,449,467,916,33.911
2029, Europe and Central Asia,2058,449,466,915,33.845
2029, Europe and Central Asia,2059,448,465,913,33.776
2029, Europe and Central Asia,2060,447,464,911,33.705
2029, Europe and Central Asia,2061,446,463,909,33.633
2029, Europe and Central Asia,2062,445,461,907,33.559
2029, Europe and Central Asia,2063,445,460,905,33.485
2029, Europe and Central Asia,2064,444,459,903,33.41
2029, Europe and Central Asia,2065,443,458,901,33.334
2029, Europe and Central Asia,2066,442,457,899,33.259
2029, Europe and Central Asia,2067,441,455,897,33.184
2029, Europe and Central Asia,2068,440,454,895,33.109
2029, Europe and Central Asia,2069,440,453,893,33.035
2029, Europe and Central Asia,2070,439,452,891,32.962
2029, Europe and Central Asia,2071,438,451,889,32.889
2029, Europe and Central Asia,2072,437,449,887,32.818
2029, Europe and Central Asia,2073,437,448,885,32.749
2029, Europe and Central Asia,2074,436,447,883,32.68
2029, Europe and Central Asia,2075,435,446,881,32.613
2029, Europe and Central Asia,2076,434,445,879,32.548
2029, Europe and Central Asia,2077,434,444,878,32.485
2029, Europe and Central Asia,2078,433,443,876,32.423
2029, Europe and Central Asia,2079,432,442,874,32.362
2029, Europe and Central Asia,2080,432,441,873,32.304
2029, Europe and Central Asia,2081,431,440,871,32.247
2029, Europe and Central Asia,2082,431,439,870,32.191
2029, Europe and Central Asia,2083,430,438,868,32.138
2029, Europe and Central Asia,2084,429,438,867,32.085
2029, Europe and Central Asia,2085,429,437,866,32.034
2029, Europe and Central Asia,2086,428,436,864,31.984
2029, Europe and Central Asia,2087,428,435,863,31.935
2029, Europe and Central Asia,2088,427,434,862,31.887
2029, Europe and Central Asia,2089,427,434,860,31.839
2029, Europe and Central Asia,2090,426,433,859,31.792
2029, Europe and Central Asia,2091,425,432,858,31.744
2029, Europe and Central Asia,2092,425,432,856,31.697
2029, Europe and Central Asia,2093,424,431,855,31.65
2029, Europe and Central Asia,2094,424,430,854,31.602
2029, Europe and Central Asia,2095,423,430,853,31.553
2029, Europe and Central Asia,2096,422,429,851,31.504
2029, Europe and Central Asia,2097,422,428,850,31.455
2029, Europe and Central Asia,2098,421,427,849,31.404
2029, Europe and Central Asia,2099,420,427,847,31.352
2029, Europe and Central Asia,2100,420,426,846,31.298
2031, Latin America and Caribbean,1950,84,84,169,8.383
2031, Latin America and Caribbean,1951,87,87,173,8.604
2031, Latin America and Caribbean,1952,89,89,178,8.834
2031, Latin America and Caribbean,1953,91,91,183,9.072
2031, Latin America and Caribbean,1954,94,94,188,9.317
2031, Latin America and Caribbean,1955,96,96,193,9.57
2031, Latin America and Caribbean,1956,99,99,198,9.829
2031, Latin America and Caribbean,1957,102,102,203,10.096
2031, Latin America and Caribbean,1958,104,105,209,10.37
2031, Latin America and Caribbean,1959,107,107,215,10.654
2031, Latin America and Caribbean,1960,110,110,220,10.947
2031, Latin America and Caribbean,1961,113,113,227,11.25
2031, Latin America and Caribbean,1962,116,117,233,11.562
2031, Latin America and Caribbean,1963,119,120,239,11.881
2031, Latin America and Caribbean,1964,123,123,246,12.206
2031, Latin America and Caribbean,1965,126,126,252,12.535
2031, Latin America and Caribbean,1966,129,130,259,12.868
2031, Latin America and Caribbean,1967,133,133,266,13.204
2031, Latin America and Caribbean,1968,136,137,273,13.544
2031, Latin America and Caribbean,1969,140,140,280,13.887
2031, Latin America and Caribbean,1970,143,144,287,14.235
2031, Latin America and Caribbean,1971,147,147,294,14.585
2031, Latin America and Caribbean,1972,150,151,301,14.939
2031, Latin America and Caribbean,1973,154,154,308,15.297
2031, Latin America and Caribbean,1974,157,158,315,15.66
2031, Latin America and Caribbean,1975,161,162,323,16.027
2031, Latin America and Caribbean,1976,165,166,330,16.399
2031, Latin America and Caribbean,1977,168,170,338,16.776
2031, Latin America and Caribbean,1978,172,173,346,17.158
2031, Latin America and Caribbean,1979,176,177,353,17.545
2031, Latin America and Caribbean,1980,180,181,361,17.938
2031, Latin America and Caribbean,1981,184,185,369,18.336
2031, Latin America and Caribbean,1982,188,190,377,18.739
2031, Latin America and Caribbean,1983,192,194,386,19.146
2031, Latin America and Caribbean,1984,196,198,394,19.554
2031, Latin America and Caribbean,1985,200,202,402,19.962
2031, Latin America and Caribbean,1986,204,207,410,20.369
2031, Latin America and Caribbean,1987,208,211,418,20.775
2031, Latin America and Caribbean,1988,212,215,427,21.181
2031, Latin America and Caribbean,1989,216,219,435,21.585
2031, Latin America and Caribbean,1990,220,223,443,21.989
2031, Latin America and Caribbean,1991,224,227,451,22.391
2031, Latin America and Caribbean,1992,227,232,459,22.792
2031, Latin America and Caribbean,1993,231,236,467,23.191
2031, Latin America and Caribbean,1994,235,240,475,23.588
2031, Latin America and Caribbean,1995,239,244,483,23.984
2031, Latin America and Caribbean,1996,243,248,491,24.377
2031, Latin America and Caribbean,1997,247,252,499,24.768
2031, Latin America and Caribbean,1998,250,256,507,25.156
2031, Latin America and Caribbean,1999,254,260,514,25.537
2031, Latin America and Caribbean,2000,258,264,522,25.911
2031, Latin America and Caribbean,2001,261,268,529,26.278
2031, Latin America and Caribbean,2002,265,272,536,26.636
2031, Latin America and Caribbean,2003,268,275,544,26.989
2031, Latin America and Caribbean,2004,272,279,551,27.337
2031, Latin America and Caribbean,2005,275,283,558,27.682
2031, Latin America and Caribbean,2006,278,286,564,28.024
2031, Latin America and Caribbean,2007,282,290,571,28.362
2031, Latin America and Caribbean,2008,285,293,578,28.698
2031, Latin America and Caribbean,2009,288,297,585,29.032
2031, Latin America and Caribbean,2010,291,300,591,29.363
2031, Latin America and Caribbean,2011,295,303,598,29.693
2031, Latin America and Caribbean,2012,298,307,605,30.021
2031, Latin America and Caribbean,2013,301,310,611,30.346
2031, Latin America and Caribbean,2014,304,314,618,30.666
2031, Latin America and Caribbean,2015,307,317,624,30.981
2031, Latin America and Caribbean,2016,310,320,630,31.289
2031, Latin America and Caribbean,2017,313,323,636,31.591
2031, Latin America and Caribbean,2018,316,326,642,31.889
2031, Latin America and Caribbean,2019,319,329,648,32.182
2031, Latin America and Caribbean,2020,322,332,654,32.472
2031, Latin America and Caribbean,2021,324,335,660,32.759
2031, Latin America and Caribbean,2022,327,338,665,33.042
2031, Latin America and Caribbean,2023,330,341,671,33.321
2031, Latin America and Caribbean,2024,333,344,677,33.593
2031, Latin America and Caribbean,2025,335,347,682,33.859
2031, Latin America and Caribbean,2026,338,349,687,34.117
2031, Latin America and Caribbean,2027,340,352,692,34.367
2031, Latin America and Caribbean,2028,343,354,697,34.609
2031, Latin America and Caribbean,2029,345,357,702,34.843
2031, Latin America and Caribbean,2030,347,359,706,35.068
2031, Latin America and Caribbean,2031,349,362,711,35.285
2031, Latin America and Caribbean,2032,351,364,715,35.494
2031, Latin America and Caribbean,2033,353,366,719,35.694
2031, Latin America and Caribbean,2034,355,368,723,35.885
2031, Latin America and Caribbean,2035,357,370,726,36.068
2031, Latin America and Caribbean,2036,358,371,730,36.243
2031, Latin America and Caribbean,2037,360,373,733,36.41
2031, Latin America and Caribbean,2038,362,375,736,36.568
2031, Latin America and Caribbean,2039,363,376,739,36.718
2031, Latin America and Caribbean,2040,364,378,742,36.86
2031, Latin America and Caribbean,2041,366,379,745,36.995
2031, Latin America and Caribbean,2042,367,381,748,37.121
2031, Latin America and Caribbean,2043,368,382,750,37.239
2031, Latin America and Caribbean,2044,369,383,752,37.35
2031, Latin America and Caribbean,2045,370,384,754,37.453
2031, Latin America and Caribbean,2046,371,385,756,37.549
2031, Latin America and Caribbean,2047,372,386,758,37.638
2031, Latin America and Caribbean,2048,373,387,760,37.719
2031, Latin America and Caribbean,2049,374,387,761,37.792
2031, Latin America and Caribbean,2050,375,388,762,37.858
2031, Latin America and Caribbean,2051,375,388,764,37.916
2031, Latin America and Caribbean,2052,376,389,765,37.967
2031, Latin America and Caribbean,2053,376,389,765,38.01
2031, Latin America and Caribbean,2054,377,389,766,38.046
2031, Latin America and Caribbean,2055,377,390,767,38.074
2031, Latin America and Caribbean,2056,377,390,767,38.096
2031, Latin America and Caribbean,2057,378,390,768,38.11
2031, Latin America and Caribbean,2058,378,390,768,38.116
2031, Latin America and Caribbean,2059,378,390,768,38.116
2031, Latin America and Caribbean,2060,378,390,767,38.109
2031, Latin America and Caribbean,2061,378,389,767,38.095
2031, Latin America and Caribbean,2062,378,389,767,38.074
2031, Latin America and Caribbean,2063,378,389,766,38.046
2031, Latin America and Caribbean,2064,377,388,766,38.012
2031, Latin America and Caribbean,2065,377,388,765,37.971
2031, Latin America and Caribbean,2066,377,387,764,37.924
2031, Latin America and Caribbean,2067,376,386,763,37.87
2031, Latin America and Caribbean,2068,376,386,761,37.811
2031, Latin America and Caribbean,2069,375,385,760,37.745
2031, Latin America and Caribbean,2070,375,384,759,37.674
2031, Latin America and Caribbean,2071,374,383,757,37.596
2031, Latin America and Caribbean,2072,373,382,756,37.514
2031, Latin America and Caribbean,2073,373,381,754,37.426
2031, Latin America and Caribbean,2074,372,380,752,37.333
2031, Latin America and Caribbean,2075,371,379,750,37.234
2031, Latin America and Caribbean,2076,370,378,748,37.131
2031, Latin America and Caribbean,2077,369,377,746,37.024
2031, Latin America and Caribbean,2078,368,375,743,36.912
2031, Latin America and Caribbean,2079,367,374,741,36.795
2031, Latin America and Caribbean,2080,366,373,739,36.675
2031, Latin America and Caribbean,2081,365,371,736,36.552
2031, Latin America and Caribbean,2082,364,370,734,36.424
2031, Latin America and Caribbean,2083,362,369,731,36.294
2031, Latin America and Caribbean,2084,361,367,728,36.16
2031, Latin America and Caribbean,2085,360,366,726,36.024
2031, Latin America and Caribbean,2086,359,364,723,35.885
2031, Latin America and Caribbean,2087,357,363,720,35.744
2031, Latin America and Caribbean,2088,356,361,717,35.6
2031, Latin America and Caribbean,2089,354,360,714,35.454
2031, Latin America and Caribbean,2090,353,358,711,35.307
2031, Latin America and Caribbean,2091,352,356,708,35.157
2031, Latin America and Caribbean,2092,350,355,705,35.007
2031, Latin America and Caribbean,2093,349,353,702,34.855
2031, Latin America and Caribbean,2094,347,352,699,34.701
2031, Latin America and Caribbean,2095,346,350,696,34.547
2031, Latin America and Caribbean,2096,344,348,693,34.392
2031, Latin America and Caribbean,2097,343,347,689,34.236
2031, Latin America and Caribbean,2098,341,345,686,34.079
2031, Latin America and Caribbean,2099,340,343,683,33.922
2031, Latin America and Caribbean,2100,338,342,680,33.764
2037, Middle East and North Africa,1950,42,40,82,7.136
2037, Middle East and North Africa,1951,42,41,84,7.309
2037, Middle East and North Africa,1952,44,42,86,7.491
2037, Middle East and North Africa,1953,45,44,88,7.68
2037, Middle East and North Africa,1954,46,45,90,7.877
2037, Middle East and North Africa,1955,47,46,93,8.082
2037, Middle East and North Africa,1956,48,47,95,8.294
2037, Middle East and North Africa,1957,50,48,98,8.513
2037, Middle East and North Africa,1958,51,49,100,8.741
2037, Middle East and North Africa,1959,52,51,103,8.977
2037, Middle East and North Africa,1960,54,52,106,9.221
2037, Middle East and North Africa,1961,55,54,109,9.473
2037, Middle East and North Africa,1962,57,55,112,9.734
2037, Middle East and North Africa,1963,58,57,115,10.004
2037, Middle East and North Africa,1964,60,58,118,10.281
2037, Middle East and North Africa,1965,61,60,121,10.566
2037, Middle East and North Africa,1966,63,61,125,10.859
2037, Middle East and North Africa,1967,65,63,128,11.16
2037, Middle East and North Africa,1968,67,65,132,11.47
2037, Middle East and North Africa,1969,69,67,135,11.788
2037, Middle East and North Africa,1970,70,69,139,12.114
2037, Middle East and North Africa,1971,72,70,143,12.448
2037, Middle East and North Africa,1972,74,72,147,12.792
2037, Middle East and North Africa,1973,77,74,151,13.148
2037, Middle East and North Africa,1974,79,76,155,13.519
2037, Middle East and North Africa,1975,81,79,160,13.907
2037, Middle East and North Africa,1976,83,81,164,14.312
2037, Middle East and North Africa,1977,86,83,169,14.735
2037, Middle East and North Africa,1978,89,86,174,15.18
2037, Middle East and North Africa,1979,92,88,180,15.652
2037, Middle East and North Africa,1980,95,91,185,16.155
2037, Middle East and North Africa,1981,98,94,192,16.689
2037, Middle East and North Africa,1982,101,97,198,17.252
2037, Middle East and North Africa,1983,104,100,205,17.836
2037, Middle East and North Africa,1984,108,104,212,18.435
2037, Middle East and North Africa,1985,111,107,219,19.04
2037, Middle East and North Africa,1986,115,111,226,19.651
2037, Middle East and North Africa,1987,119,114,233,20.265
2037, Middle East and North Africa,1988,122,117,240,20.877
2037, Middle East and North Africa,1989,126,121,247,21.482
2037, Middle East and North Africa,1990,129,124,253,22.076
2037, Middle East and North Africa,1991,133,127,260,22.656
2037, Middle East and North Africa,1992,136,130,267,23.224
2037, Middle East and North Africa,1993,140,133,273,23.777
2037, Middle East and North Africa,1994,143,136,279,24.318
2037, Middle East and North Africa,1995,146,139,285,24.848
2037, Middle East and North Africa,1996,149,142,291,25.366
2037, Middle East and North Africa,1997,152,145,297,25.876
2037, Middle East and North Africa,1998,155,148,303,26.381
2037, Middle East and North Africa,1999,158,151,309,26.887
2037, Middle East and North Africa,2000,161,154,314,27.398
2037, Middle East and North Africa,2001,164,157,320,27.917
2037, Middle East and North Africa,2002,167,160,326,28.443
2037, Middle East and North Africa,2003,170,162,333,28.986
2037, Middle East and North Africa,2004,174,165,339,29.555
2037, Middle East and North Africa,2005,178,169,346,30.155
2037, Middle East and North Africa,2006,182,172,353,30.791
2037, Middle East and North Africa,2007,186,175,361,31.46
2037, Middle East and North Africa,2008,190,179,369,32.151
2037, Middle East and North Africa,2009,194,183,377,32.852
2037, Middle East and North Africa,2010,199,186,385,33.553
2037, Middle East and North Africa,2011,203,190,393,34.251
2037, Middle East and North Africa,2012,207,194,401,34.947
2037, Middle East and North Africa,2013,211,198,409,35.64
2037, Middle East and North Africa,2014,216,201,417,36.329
2037, Middle East and North Africa,2015,220,205,425,37.012
2037, Middle East and North Africa,2016,224,209,433,37.688
2037, Middle East and North Africa,2017,228,212,440,38.355
2037, Middle East and North Africa,2018,232,216,448,39.02
2037, Middle East and North Africa,2019,236,220,456,39.689
2037, Middle East and North Africa,2020,240,223,463,40.369
2037, Middle East and North Africa,2021,244,227,471,41.061
2037, Middle East and North Africa,2022,248,231,479,41.761
2037, Middle East and North Africa,2023,252,235,487,42.461
2037, Middle East and North Africa,2024,256,239,495,43.151
2037, Middle East and North Africa,2025,260,243,503,43.821
2037, Middle East and North Africa,2026,264,247,510,44.469
2037, Middle East and North Africa,2027,268,250,518,45.098
2037, Middle East and North Africa,2028,271,254,525,45.709
2037, Middle East and North Africa,2029,275,257,532,46.308
2037, Middle East and North Africa,2030,278,260,538,46.896
2037, Middle East and North Africa,2031,281,264,545,47.475
2037, Middle East and North Africa,2032,284,267,551,48.044
2037, Middle East and North Africa,2033,288,270,558,48.606
2037, Middle East and North Africa,2034,291,273,564,49.163
2037, Middle East and North Africa,2035,294,277,571,49.717
2037, Middle East and North Africa,2036,297,280,577,50.269
2037, Middle East and North Africa,2037,300,283,583,50.819
2037, Middle East and North Africa,2038,303,286,590,51.367
2037, Middle East and North Africa,2039,306,289,596,51.912
2037, Middle East and North Africa,2040,309,293,602,52.452
2037, Middle East and North Africa,2041,312,296,608,52.988
2037, Middle East and North Africa,2042,315,299,614,53.519
2037, Middle East and North Africa,2043,318,302,620,54.044
2037, Middle East and North Africa,2044,321,305,626,54.563
2037, Middle East and North Africa,2045,324,308,632,55.075
2037, Middle East and North Africa,2046,327,311,638,55.579
2037, Middle East and North Africa,2047,330,314,644,56.074
2037, Middle East and North Africa,2048,332,317,649,56.561
2037, Middle East and North Africa,2049,335,320,655,57.037
2037, Middle East and North Africa,2050,338,322,660,57.504
2037, Middle East and North Africa,2051,340,325,665,57.96
2037, Middle East and North Africa,2052,343,328,670,58.405
2037, Middle East and North Africa,2053,345,330,675,58.838
2037, Middle East and North Africa,2054,348,333,680,59.259
2037, Middle East and North Africa,2055,350,335,685,59.668
2037, Middle East and North Africa,2056,352,337,689,60.064
2037, Middle East and North Africa,2057,354,340,694,60.446
2037, Middle East and North Africa,2058,356,342,698,60.816
2037, Middle East and North Africa,2059,358,344,702,61.173
2037, Middle East and North Africa,2060,360,346,706,61.518
2037, Middle East and North Africa,2061,362,348,710,61.849
2037, Middle East and North Africa,2062,364,350,714,62.168
2037, Middle East and North Africa,2063,366,352,717,62.475
2037, Middle East and North Africa,2064,367,353,721,62.771
2037, Middle East and North Africa,2065,369,355,724,63.054
2037, Middle East and North Africa,2066,370,356,727,63.327
2037, Middle East and North Africa,2067,372,358,730,63.589
2037, Middle East and North Africa,2068,373,359,733,63.841
2037, Middle East and North Africa,2069,375,361,736,64.083
2037, Middle East and North Africa,2070,376,362,738,64.316
2037, Middle East and North Africa,2071,377,364,741,64.542
2037, Middle East and North Africa,2072,379,365,743,64.759
2037, Middle East and North Africa,2073,380,366,746,64.968
2037, Middle East and North Africa,2074,381,367,748,65.171
2037, Middle East and North Africa,2075,382,368,750,65.367
2037, Middle East and North Africa,2076,383,369,752,65.557
2037, Middle East and North Africa,2077,384,370,755,65.741
2037, Middle East and North Africa,2078,385,371,757,65.92
2037, Middle East and North Africa,2079,386,372,759,66.093
2037, Middle East and North Africa,2080,387,373,761,66.261
2037, Middle East and North Africa,2081,388,374,762,66.423
2037, Middle East and North Africa,2082,389,375,764,66.58
2037, Middle East and North Africa,2083,390,376,766,66.732
2037, Middle East and North Africa,2084,391,377,768,66.878
2037, Middle East and North Africa,2085,392,378,769,67.018
2037, Middle East and North Africa,2086,392,378,771,67.153
2037, Middle East and North Africa,2087,393,379,772,67.281
2037, Middle East and North Africa,2088,394,380,774,67.402
2037, Middle East and North Africa,2089,394,381,775,67.516
2037, Middle East and North Africa,2090,395,381,776,67.622
2037, Middle East and North Africa,2091,395,382,777,67.721
2037, Middle East and North Africa,2092,396,382,778,67.81
2037, Middle East and North Africa,2093,396,383,779,67.892
2037, Middle East and North Africa,2094,397,383,780,67.965
2037, Middle East and North Africa,2095,397,384,781,68.028
2037, Middle East and North Africa,2096,397,384,781,68.083
2037, Middle East and North Africa,2097,398,384,782,68.128
2037, Middle East and North Africa,2098,398,385,782,68.163
2037, Middle East and North Africa,2099,398,385,783,68.188
2037, Middle East and North Africa,2100,398,385,783,68.201
2032, North America,1950,86,86,173,9.254
2032, North America,1951,87,88,175,9.383
2032, North America,1952,89,89,178,9.532
2032, North America,1953,90,91,181,9.694
2032, North America,1954,92,92,184,9.868
2032, North America,1955,93,94,187,10.049
2032, North America,1956,95,96,191,10.235
2032, North America,1957,97,98,194,10.422
2032, North America,1958,98,100,198,10.609
2032, North America,1959,100,101,201,10.793
2032, North America,1960,102,103,205,10.972
2032, North America,1961,103,105,208,11.146
2032, North America,1962,105,106,211,11.312
2032, North America,1963,106,108,214,11.472
2032, North America,1964,107,109,217,11.623
2032, North America,1965,109,111,219,11.766
2032, North America,1966,110,112,222,11.901
2032, North America,1967,111,113,224,12.027
2032, North America,1968,112,115,227,12.148
2032, North America,1969,113,116,229,12.266
2032, North America,1970,114,117,231,12.385
2032, North America,1971,115,118,233,12.504
2032, North America,1972,116,119,235,12.624
2032, North America,1973,117,121,238,12.744
2032, North America,1974,118,122,240,12.866
2032, North America,1975,119,123,242,12.988
2032, North America,1976,120,124,245,13.112
2032, North America,1977,121,125,247,13.236
2032, North America,1978,123,127,249,13.363
2032, North America,1979,124,128,252,13.49
2032, North America,1980,125,129,254,13.618
2032, North America,1981,126,131,256,13.748
2032, North America,1982,127,132,259,13.878
2032, North America,1983,128,133,261,14.01
2032, North America,1984,130,134,264,14.145
2032, North America,1985,131,136,266,14.281
2032, North America,1986,132,137,269,14.42
2032, North America,1987,133,138,272,14.562
2032, North America,1988,135,140,274,14.706
2032, North America,1989,136,141,277,14.853
2032, North America,1990,137,143,280,15.001
2032, North America,1991,139,144,283,15.149
2032, North America,1992,140,145,285,15.298
2032, North America,1993,142,147,288,15.452
2032, North America,1994,143,148,291,15.614
2032, North America,1995,145,150,294,15.787
2032, North America,1996,147,151,298,15.973
2032, North America,1997,148,153,302,16.169
2032, North America,1998,150,155,305,16.37
2032, North America,1999,152,157,309,16.566
2032, North America,2000,154,158,312,16.751
2032, North America,2001,156,160,316,16.922
2032, North America,2002,157,161,319,17.081
2032, North America,2003,159,163,321,17.233
2032, North America,2004,160,164,324,17.387
2032, North America,2005,162,166,327,17.547
2032, North America,2006,163,167,330,17.716
2032, North America,2007,165,169,334,17.889
2032, North America,2008,166,171,337,18.066
2032, North America,2009,168,172,340,18.239
2032, North America,2010,170,174,343,18.405
2032, North America,2011,171,175,346,18.564
2032, North America,2012,173,177,349,18.716
2032, North America,2013,174,178,352,18.863
2032, North America,2014,175,179,354,19.004
2032, North America,2015,177,180,357,19.142
2032, North America,2016,178,182,360,19.276
2032, North America,2017,179,183,362,19.405
2032, North America,2018,180,184,364,19.532
2032, North America,2019,181,185,367,19.655
2032, North America,2020,183,186,369,19.777
2032, North America,2021,184,187,371,19.897
2032, North America,2022,185,189,373,20.015
2032, North America,2023,186,190,376,20.133
2032, North America,2024,187,191,378,20.249
2032, North America,2025,188,192,380,20.366
2032, North America,2026,189,193,382,20.481
2032, North America,2027,190,194,384,20.597
2032, North America,2028,191,195,386,20.712
2032, North America,2029,192,196,388,20.827
2032, North America,2030,193,197,391,20.942
2032, North America,2031,194,198,393,21.056
2032, North America,2032,195,199,395,21.171
2032, North America,2033,197,200,397,21.284
2032, North America,2034,198,201,399,21.395
2032, North America,2035,199,202,401,21.502
2032, North America,2036,200,203,403,21.606
2032, North America,2037,201,204,405,21.707
2032, North America,2038,201,205,407,21.805
2032, North America,2039,202,206,408,21.899
2032, North America,2040,203,207,410,21.991
2032, North America,2041,204,208,412,22.081
2032, North America,2042,205,208,413,22.168
2032, North America,2043,206,209,415,22.252
2032, North America,2044,207,210,417,22.334
2032, North America,2045,207,211,418,22.415
2032, North America,2046,208,211,420,22.493
2032, North America,2047,209,212,421,22.571
2032, North America,2048,210,213,422,22.647
2032, North America,2049,211,213,424,22.722
2032, North America,2050,211,214,425,22.797
2032, North America,2051,212,214,427,22.871
2032, North America,2052,213,215,428,22.945
2032, North America,2053,214,216,429,23.02
2032, North America,2054,214,216,431,23.094
2032, North America,2055,215,217,432,23.169
2032, North America,2056,216,218,434,23.245
2032, North America,2057,217,218,435,23.322
2032, North America,2058,217,219,436,23.4
2032, North America,2059,218,220,438,23.478
2032, North America,2060,219,220,439,23.557
2032, North America,2061,220,221,441,23.637
2032, North America,2062,221,222,442,23.717
2032, North America,2063,221,222,444,23.798
2032, North America,2064,222,223,445,23.879
2032, North America,2065,223,224,447,23.96
2032, North America,2066,224,225,448,24.042
2032, North America,2067,225,225,450,24.122
2032, North America,2068,225,226,451,24.203
2032, North America,2069,226,227,453,24.282
2032, North America,2070,227,227,454,24.361
2032, North America,2071,228,228,456,24.438
2032, North America,2072,228,229,457,24.514
2032, North America,2073,229,230,459,24.589
2032, North America,2074,230,230,460,24.662
2032, North America,2075,230,231,461,24.734
2032, North America,2076,231,231,463,24.804
2032, North America,2077,232,232,464,24.873
2032, North America,2078,232,233,465,24.941
2032, North America,2079,233,233,466,25.007
2032, North America,2080,234,234,468,25.072
2032, North America,2081,234,235,469,25.136
2032, North America,2082,235,235,470,25.2
2032, North America,2083,235,236,471,25.262
2032, North America,2084,236,236,472,25.323
2032, North America,2085,237,237,473,25.385
2032, North America,2086,237,237,475,25.445
2032, North America,2087,238,238,476,25.505
2032, North America,2088,238,239,477,25.566
2032, North America,2089,239,239,478,25.626
2032, North America,2090,239,240,479,25.687
2032, North America,2091,240,240,480,25.748
2032, North America,2092,241,241,481,25.809
2032, North America,2093,241,241,483,25.871
2032, North America,2094,242,242,484,25.933
2032, North America,2095,242,242,485,25.996
2032, North America,2096,243,243,486,26.06
2032, North America,2097,244,244,487,26.124
2032, North America,2098,244,244,488,26.188
2032, North America,2099,245,245,490,26.253
2032, North America,2100,245,245,491,26.319
2038, South Asia,1950,246,230,476,99.803
2038, South Asia,1951,250,234,484,101.422
2038, South Asia,1952,254,238,492,103.13
2038, South Asia,1953,259,242,501,104.927
2038, South Asia,1954,264,246,510,106.813
2038, South Asia,1955,268,251,519,108.79
2038, South Asia,1956,274,255,529,110.857
2038, South Asia,1957,279,260,539,113.015
2038, South Asia,1958,285,265,550,115.267
2038, South Asia,1959,291,271,561,117.612
2038, South Asia,1960,297,276,573,120.052
2038, South Asia,1961,303,282,585,122.588
2038, South Asia,1962,309,288,597,125.219
2038, South Asia,1963,316,294,610,127.945
2038, South Asia,1964,323,301,624,130.762
2038, South Asia,1965,330,307,638,133.671
2038, South Asia,1966,338,314,652,136.673
2038, South Asia,1967,346,321,667,139.767
2038, South Asia,1968,353,329,682,142.951
2038, South Asia,1969,362,336,698,146.221
2038, South Asia,1970,370,344,714,149.576
2038, South Asia,1971,378,352,730,153.012
2038, South Asia,1972,387,360,747,156.534
2038, South Asia,1973,396,368,764,160.151
2038, South Asia,1974,405,377,782,163.88
2038, South Asia,1975,415,386,800,167.73
2038, South Asia,1976,424,395,819,171.703
2038, South Asia,1977,434,404,839,175.795
2038, South Asia,1978,445,414,859,180.004
2038, South Asia,1979,455,424,880,184.323
2038, South Asia,1980,466,434,901,188.747
2038, South Asia,1981,478,445,922,193.275
2038, South Asia,1982,489,455,944,197.904
2038, South Asia,1983,501,466,967,202.624
2038, South Asia,1984,513,477,990,207.422
2038, South Asia,1985,525,488,1013,212.287
2038, South Asia,1986,537,500,1036,217.211
2038, South Asia,1987,549,511,1060,222.192
2038, South Asia,1988,562,523,1084,227.237
2038, South Asia,1989,574,534,1109,232.356
2038, South Asia,1990,587,546,1133,237.551
2038, South Asia,1991,600,558,1159,242.824
2038, South Asia,1992,614,571,1184,248.164
2038, South Asia,1993,627,583,1210,253.553
2038, South Asia,1994,640,595,1236,258.97
2038, South Asia,1995,654,608,1262,264.396
2038, South Asia,1996,667,620,1287,269.822
2038, South Asia,1997,681,633,1313,275.244
2038, South Asia,1998,694,645,1339,280.662
2038, South Asia,1999,707,658,1365,286.083
2038, South Asia,2000,721,670,1391,291.507
2038, South Asia,2001,734,683,1417,296.93
2038, South Asia,2002,748,695,1443,302.341
2038, South Asia,2003,761,707,1468,307.723
2038, South Asia,2004,774,720,1494,313.053
2038, South Asia,2005,787,732,1519,318.314
2038, South Asia,2006,800,744,1544,323.501
2038, South Asia,2007,812,756,1568,328.613
2038, South Asia,2008,825,767,1592,333.645
2038, South Asia,2009,837,779,1616,338.59
2038, South Asia,2010,848,791,1639,343.449
2038, South Asia,2011,860,802,1662,348.214
2038, South Asia,2012,871,813,1684,352.891
2038, South Asia,2013,882,824,1706,357.5
2038, South Asia,2014,893,835,1728,362.07
2038, South Asia,2015,904,845,1749,366.62
2038, South Asia,2016,915,856,1771,371.157
2038, South Asia,2017,926,867,1793,375.676
2038, South Asia,2018,937,877,1814,380.171
2038, South Asia,2019,948,888,1835,384.631
2038, South Asia,2020,958,898,1856,389.049
2038, South Asia,2021,969,908,1877,393.422
2038, South Asia,2022,980,918,1898,397.749
2038, South Asia,2023,990,928,1918,402.021
2038, South Asia,2024,1000,938,1938,406.227
2038, South Asia,2025,1010,948,1958,410.356
2038, South Asia,2026,1020,957,1977,414.404
2038, South Asia,2027,1030,967,1996,418.367
2038, South Asia,2028,1039,976,2015,422.242
2038, South Asia,2029,1048,985,2033,426.029
2038, South Asia,2030,1057,994,2050,429.724
2038, South Asia,2031,1065,1002,2068,433.326
2038, South Asia,2032,1074,1011,2084,436.83
2038, South Asia,2033,1082,1019,2101,440.229
2038, South Asia,2034,1090,1027,2116,443.518
2038, South Asia,2035,1097,1034,2131,446.691
2038, South Asia,2036,1104,1042,2146,449.745
2038, South Asia,2037,1111,1049,2160,452.681
2038, South Asia,2038,1117,1056,2173,455.498
2038, South Asia,2039,1124,1063,2186,458.199
2038, South Asia,2040,1130,1069,2199,460.784
2038, South Asia,2041,1135,1075,2210,463.254
2038, South Asia,2042,1141,1081,2222,465.608
2038, South Asia,2043,1146,1087,2232,467.849
2038, South Asia,2044,1150,1092,2243,469.982
2038, South Asia,2045,1155,1097,2252,472.008
2038, South Asia,2046,1159,1102,2261,473.928
2038, South Asia,2047,1163,1107,2270,475.744
2038, South Asia,2048,1167,1111,2278,477.456
2038, South Asia,2049,1170,1116,2286,479.063
2038, South Asia,2050,1174,1119,2293,480.568
2038, South Asia,2051,1177,1123,2300,481.971
2038, South Asia,2052,1179,1127,2306,483.271
2038, South Asia,2053,1182,1130,2312,484.467
2038, South Asia,2054,1184,1133,2317,485.557
2038, South Asia,2055,1186,1136,2322,486.54
2038, South Asia,2056,1188,1138,2326,487.414
2038, South Asia,2057,1189,1140,2329,488.18
2038, South Asia,2058,1190,1142,2333,488.839
2038, South Asia,2059,1191,1144,2335,489.392
2038, South Asia,2060,1192,1146,2337,489.839
2038, South Asia,2061,1192,1147,2339,490.181
2038, South Asia,2062,1192,1148,2340,490.419
2038, South Asia,2063,1192,1149,2341,490.551
2038, South Asia,2064,1192,1149,2341,490.579
2038, South Asia,2065,1191,1149,2340,490.5
2038, South Asia,2066,1190,1149,2340,490.317
2038, South Asia,2067,1189,1149,2338,490.031
2038, South Asia,2068,1188,1148,2336,489.646
2038, South Asia,2069,1186,1148,2334,489.164
2038, South Asia,2070,1185,1147,2331,488.589
2038, South Asia,2071,1183,1146,2328,487.923
2038, South Asia,2072,1180,1144,2325,487.168
2038, South Asia,2073,1178,1142,2321,486.329
2038, South Asia,2074,1176,1141,2316,485.411
2038, South Asia,2075,1173,1139,2311,484.418
2038, South Asia,2076,1170,1136,2306,483.353
2038, South Asia,2077,1167,1134,2301,482.219
2038, South Asia,2078,1164,1131,2295,481.02
2038, South Asia,2079,1160,1129,2289,479.756
2038, South Asia,2080,1157,1126,2283,478.432
2038, South Asia,2081,1153,1123,2276,477.05
2038, South Asia,2082,1150,1120,2269,475.612
2038, South Asia,2083,1146,1116,2262,474.124
2038, South Asia,2084,1142,1113,2255,472.589
2038, South Asia,2085,1138,1109,2247,471.012
2038, South Asia,2086,1134,1106,2240,469.397
2038, South Asia,2087,1130,1102,2232,467.744
2038, South Asia,2088,1126,1098,2224,466.055
2038, South Asia,2089,1121,1094,2216,464.331
2038, South Asia,2090,1117,1090,2207,462.573
2038, South Asia,2091,1113,1086,2199,460.781
2038, South Asia,2092,1108,1082,2190,458.96
2038, South Asia,2093,1104,1077,2181,457.111
2038, South Asia,2094,1099,1073,2172,455.238
2038, South Asia,2095,1095,1069,2163,453.342
2038, South Asia,2096,1090,1064,2154,451.426
2038, South Asia,2097,1085,1060,2145,449.493
2038, South Asia,2098,1081,1055,2135,447.541
2038, South Asia,2099,1076,1050,2126,445.574
2038, South Asia,2100,1071,1046,2117,443.589
2033, Sub-Saharan Africa,1950,91,93,185,7.813
2033, Sub-Saharan Africa,1951,93,95,188,7.962
2033, Sub-Saharan Africa,1952,95,97,192,8.118
2033, Sub-Saharan Africa,1953,97,99,196,8.282
2033, Sub-Saharan Africa,1954,99,101,200,8.452
2033, Sub-Saharan Africa,1955,101,103,204,8.63
2033, Sub-Saharan Africa,1956,103,105,208,8.814
2033, Sub-Saharan Africa,1957,106,107,213,9.006
2033, Sub-Saharan Africa,1958,108,110,218,9.205
2033, Sub-Saharan Africa,1959,110,112,223,9.413
2033, Sub-Saharan Africa,1960,113,115,228,9.63
2033, Sub-Saharan Africa,1961,116,117,233,9.856
2033, Sub-Saharan Africa,1962,118,120,239,10.091
2033, Sub-Saharan Africa,1963,121,123,244,10.336
2033, Sub-Saharan Africa,1964,124,126,250,10.59
2033, Sub-Saharan Africa,1965,127,129,257,10.853
2033, Sub-Saharan Africa,1966,131,132,263,11.124
2033, Sub-Saharan Africa,1967,134,136,270,11.405
2033, Sub-Saharan Africa,1968,137,139,277,11.697
2033, Sub-Saharan Africa,1969,141,143,284,12
2033, Sub-Saharan Africa,1970,145,147,291,12.316
2033, Sub-Saharan Africa,1971,149,150,299,12.644
2033, Sub-Saharan Africa,1972,153,154,307,12.987
2033, Sub-Saharan Africa,1973,157,159,315,13.343
2033, Sub-Saharan Africa,1974,161,163,324,13.713
2033, Sub-Saharan Africa,1975,166,168,333,14.098
2033, Sub-Saharan Africa,1976,171,172,343,14.499
2033, Sub-Saharan Africa,1977,175,177,353,14.914
2033, Sub-Saharan Africa,1978,181,182,363,15.345
2033, Sub-Saharan Africa,1979,186,188,373,15.789
2033, Sub-Saharan Africa,1980,191,193,384,16.246
2033, Sub-Saharan Africa,1981,197,198,395,16.716
2033, Sub-Saharan Africa,1982,202,204,407,17.2
2033, Sub-Saharan Africa,1983,208,210,418,17.697
2033, Sub-Saharan Africa,1984,214,216,431,18.21
2033, Sub-Saharan Africa,1985,221,223,443,18.738
2033, Sub-Saharan Africa,1986,227,229,456,19.284
2033, Sub-Saharan Africa,1987,234,236,469,19.845
2033, Sub-Saharan Africa,1988,240,243,483,20.419
2033, Sub-Saharan Africa,1989,247,249,497,21.006
2033, Sub-Saharan Africa,1990,254,257,511,21.602
2033, Sub-Saharan Africa,1991,261,264,525,22.207
2033, Sub-Saharan Africa,1992,268,271,540,22.822
2033, Sub-Saharan Africa,1993,276,279,554,23.448
2033, Sub-Saharan Africa,1994,283,286,569,24.086
2033, Sub-Saharan Africa,1995,291,294,585,24.736
2033, Sub-Saharan Africa,1996,299,302,601,25.399
2033, Sub-Saharan Africa,1997,307,310,617,26.077
2033, Sub-Saharan Africa,1998,315,318,633,26.77
2033, Sub-Saharan Africa,1999,323,327,650,27.479
2033, Sub-Saharan Africa,2000,332,335,667,28.207
2033, Sub-Saharan Africa,2001,340,344,685,28.954
2033, Sub-Saharan Africa,2002,350,353,703,29.722
2033, Sub-Saharan Africa,2003,359,363,721,30.512
2033, Sub-Saharan Africa,2004,368,372,741,31.328
2033, Sub-Saharan Africa,2005,378,382,761,32.172
2033, Sub-Saharan Africa,2006,389,393,781,33.046
2033, Sub-Saharan Africa,2007,399,403,803,33.95
2033, Sub-Saharan Africa,2008,411,414,825,34.883
2033, Sub-Saharan Africa,2009,422,426,848,35.845
2033, Sub-Saharan Africa,2010,434,437,871,36.834
2033, Sub-Saharan Africa,2011,446,449,895,37.851
2033, Sub-Saharan Africa,2012,458,462,920,38.896
2033, Sub-Saharan Africa,2013,471,474,945,39.968
2033, Sub-Saharan Africa,2014,484,487,971,41.065
2033, Sub-Saharan Africa,2015,497,500,997,42.187
2033, Sub-Saharan Africa,2016,511,514,1025,43.333
2033, Sub-Saharan Africa,2017,525,527,1052,44.503
2033, Sub-Saharan Africa,2018,539,541,1080,45.696
2033, Sub-Saharan Africa,2019,553,556,1109,46.908
2033, Sub-Saharan Africa,2020,568,570,1138,48.14
2033, Sub-Saharan Africa,2021,583,585,1168,49.389
2033, Sub-Saharan Africa,2022,598,600,1198,50.657
2033, Sub-Saharan Africa,2023,613,615,1228,51.944
2033, Sub-Saharan Africa,2024,629,630,1259,53.252
2033, Sub-Saharan Africa,2025,645,646,1291,54.581
2033, Sub-Saharan Africa,2026,661,662,1322,55.933
2033, Sub-Saharan Africa,2027,677,678,1355,57.306
2033, Sub-Saharan Africa,2028,693,695,1388,58.699
2033, Sub-Saharan Africa,2029,710,711,1421,60.112
2033, Sub-Saharan Africa,2030,727,728,1455,61.544
2033, Sub-Saharan Africa,2031,744,745,1489,62.993
2033, Sub-Saharan Africa,2032,762,762,1524,64.461
2033, Sub-Saharan Africa,2033,779,780,1559,65.945
2033, Sub-Saharan Africa,2034,797,798,1595,67.446
2033, Sub-Saharan Africa,2035,815,816,1631,68.961
2033, Sub-Saharan Africa,2036,833,834,1667,70.491
2033, Sub-Saharan Africa,2037,851,852,1703,72.034
2033, Sub-Saharan Africa,2038,870,870,1740,73.59
2033, Sub-Saharan Africa,2039,888,889,1777,75.158
2033, Sub-Saharan Africa,2040,907,908,1814,76.739
2033, Sub-Saharan Africa,2041,926,926,1852,78.33
2033, Sub-Saharan Africa,2042,944,945,1890,79.931
2033, Sub-Saharan Africa,2043,963,965,1928,81.542
2033, Sub-Saharan Africa,2044,983,984,1966,83.161
2033, Sub-Saharan Africa,2045,1002,1003,2005,84.786
2033, Sub-Saharan Africa,2046,1021,1022,2043,86.419
2033, Sub-Saharan Africa,2047,1040,1042,2082,88.057
2033, Sub-Saharan Africa,2048,1059,1061,2121,89.7
2033, Sub-Saharan Africa,2049,1079,1081,2160,91.349
2033, Sub-Saharan Africa,2050,1098,1101,2199,93.001
2033, Sub-Saharan Africa,2051,1118,1120,2238,94.657
2033, Sub-Saharan Africa,2052,1137,1140,2277,96.316
2033, Sub-Saharan Africa,2053,1157,1160,2317,97.977
2033, Sub-Saharan Africa,2054,1176,1180,2356,99.639
2033, Sub-Saharan Africa,2055,1196,1200,2395,101.301
2033, Sub-Saharan Africa,2056,1215,1219,2434,102.963
2033, Sub-Saharan Africa,2057,1235,1239,2474,104.624
2033, Sub-Saharan Africa,2058,1254,1259,2513,106.284
2033, Sub-Saharan Africa,2059,1273,1279,2552,107.942
2033, Sub-Saharan Africa,2060,1293,1299,2591,109.597
2033, Sub-Saharan Africa,2061,1312,1318,2630,111.25
2033, Sub-Saharan Africa,2062,1331,1338,2669,112.898
2033, Sub-Saharan Africa,2063,1350,1358,2708,114.542
2033, Sub-Saharan Africa,2064,1369,1378,2747,116.18
2033, Sub-Saharan Africa,2065,1388,1397,2786,117.812
2033, Sub-Saharan Africa,2066,1407,1417,2824,119.436
2033, Sub-Saharan Africa,2067,1426,1436,2862,121.053
2033, Sub-Saharan Africa,2068,1445,1455,2900,122.661
2033, Sub-Saharan Africa,2069,1463,1475,2938,124.26
2033, Sub-Saharan Africa,2070,1482,1494,2976,125.848
2033, Sub-Saharan Africa,2071,1500,1513,3013,127.426
2033, Sub-Saharan Africa,2072,1518,1532,3050,128.993
2033, Sub-Saharan Africa,2073,1536,1550,3087,130.548
2033, Sub-Saharan Africa,2074,1554,1569,3123,132.089
2033, Sub-Saharan Africa,2075,1572,1587,3159,133.617
2033, Sub-Saharan Africa,2076,1589,1606,3195,135.131
2033, Sub-Saharan Africa,2077,1607,1624,3230,136.63
2033, Sub-Saharan Africa,2078,1624,1642,3266,138.112
2033, Sub-Saharan Africa,2079,1641,1659,3300,139.578
2033, Sub-Saharan Africa,2080,1658,1677,3334,141.026
2033, Sub-Saharan Africa,2081,1674,1694,3368,142.456
2033, Sub-Saharan Africa,2082,1690,1711,3402,143.867
2033, Sub-Saharan Africa,2083,1706,1728,3435,145.259
2033, Sub-Saharan Africa,2084,1722,1745,3467,146.631
2033, Sub-Saharan Africa,2085,1738,1761,3499,147.983
2033, Sub-Saharan Africa,2086,1753,1777,3530,149.316
2033, Sub-Saharan Africa,2087,1768,1793,3561,150.627
2033, Sub-Saharan Africa,2088,1783,1809,3592,151.917
2033, Sub-Saharan Africa,2089,1798,1824,3622,153.186
2033, Sub-Saharan Africa,2090,1812,1840,3651,154.434
2033, Sub-Saharan Africa,2091,1826,1854,3680,155.66
2033, Sub-Saharan Africa,2092,1840,1869,3709,156.864
2033, Sub-Saharan Africa,2093,1853,1883,3737,158.046
2033, Sub-Saharan Africa,2094,1867,1898,3764,159.206
2033, Sub-Saharan Africa,2095,1880,1911,3791,160.343
2033, Sub-Saharan Africa,2096,1893,1925,3818,161.458
2033, Sub-Saharan Africa,2097,1905,1938,3843,162.55
2033, Sub-Saharan Africa,2098,1917,1951,3869,163.62
2033, Sub-Saharan Africa,2099,1929,1964,3893,164.667
2033, Sub-Saharan Africa,2100,1941,1977,3918,165.691
2030, Western Europe,1950,172,188,360,82.701
2030, Western Europe,1951,173,189,362,83.247
2030, Western Europe,1952,175,190,365,83.835
2030, Western Europe,1953,176,191,368,84.444
2030, Western Europe,1954,178,193,370,85.061
2030, Western Europe,1955,179,194,373,85.679
2030, Western Europe,1956,180,195,376,86.297
2030, Western Europe,1957,182,197,378,86.922
2030, Western Europe,1958,183,198,381,87.564
2030, Western Europe,1959,185,199,384,88.238
2030, Western Europe,1960,186,201,387,88.957
2030, Western Europe,1961,188,202,391,89.725
2030, Western Europe,1962,190,204,394,90.532
2030, Western Europe,1963,192,206,398,91.353
2030, Western Europe,1964,194,207,401,92.154
2030, Western Europe,1965,195,209,404,92.909
2030, Western Europe,1966,197,210,407,93.608
2030, Western Europe,1967,199,212,410,94.256
2030, Western Europe,1968,200,213,413,94.866
2030, Western Europe,1969,201,214,416,95.454
2030, Western Europe,1970,203,216,418,96.034
2030, Western Europe,1971,204,217,421,96.61
2030, Western Europe,1972,205,218,423,97.173
2030, Western Europe,1973,206,219,425,97.718
2030, Western Europe,1974,207,220,428,98.237
2030, Western Europe,1975,209,221,430,98.722
2030, Western Europe,1976,210,222,432,99.175
2030, Western Europe,1977,210,223,434,99.598
2030, Western Europe,1978,211,224,435,99.99
2030, Western Europe,1979,212,225,437,100.353
2030, Western Europe,1980,213,225,438,100.686
2030, Western Europe,1981,213,226,440,100.991
2030, Western Europe,1982,214,227,441,101.27
2030, Western Europe,1983,215,227,442,101.535
2030, Western Europe,1984,215,228,443,101.799
2030, Western Europe,1985,216,228,444,102.073
2030, Western Europe,1986,216,229,446,102.359
2030, Western Europe,1987,217,230,447,102.656
2030, Western Europe,1988,218,230,448,102.967
2030, Western Europe,1989,219,231,450,103.294
2030, Western Europe,1990,219,232,451,103.637
2030, Western Europe,1991,220,233,453,104.003
2030, Western Europe,1992,221,233,454,104.389
2030, Western Europe,1993,222,234,456,104.774
2030, Western Europe,1994,223,235,458,105.125
2030, Western Europe,1995,223,236,459,105.425
2030, Western Europe,1996,224,236,460,105.659
2030, Western Europe,1997,224,236,461,105.842
2030, Western Europe,1998,225,237,461,106.011
2030, Western Europe,1999,225,237,462,106.219
2030, Western Europe,2000,226,238,464,106.503
2030, Western Europe,2001,227,239,465,106.874
2030, Western Europe,2002,228,240,467,107.32
2030, Western Europe,2003,229,241,469,107.818
2030, Western Europe,2004,230,242,472,108.337
2030, Western Europe,2005,231,243,474,108.851
2030, Western Europe,2006,232,244,476,109.357
2030, Western Europe,2007,233,245,478,109.857
2030, Western Europe,2008,234,246,480,110.341
2030, Western Europe,2009,235,247,482,110.802
2030, Western Europe,2010,236,248,484,111.23
2030, Western Europe,2011,237,249,486,111.62
2030, Western Europe,2012,238,249,487,111.97
2030, Western Europe,2013,239,250,489,112.293
2030, Western Europe,2014,240,251,490,112.606
2030, Western Europe,2015,240,251,492,112.921
2030, Western Europe,2016,241,252,493,113.244
2030, Western Europe,2017,242,252,494,113.567
2030, Western Europe,2018,243,253,496,113.874
2030, Western Europe,2019,243,253,497,114.143
2030, Western Europe,2020,244,254,498,114.357
2030, Western Europe,2021,244,254,498,114.512
2030, Western Europe,2022,245,254,499,114.614
2030, Western Europe,2023,245,254,499,114.675
2030, Western Europe,2024,245,254,499,114.715
2030, Western Europe,2025,245,254,499,114.748
2030, Western Europe,2026,245,254,500,114.776
2030, Western Europe,2027,245,254,500,114.798
2030, Western Europe,2028,246,254,500,114.813
2030, Western Europe,2029,246,254,500,114.817
2030, Western Europe,2030,246,254,500,114.809
2030, Western Europe,2031,246,254,500,114.789
2030, Western Europe,2032,246,254,500,114.759
2030, Western Europe,2033,246,254,499,114.72
2030, Western Europe,2034,246,254,499,114.671
2030, Western Europe,2035,245,253,499,114.611
2030, Western Europe,2036,245,253,499,114.54
2030, Western Europe,2037,245,253,498,114.459
2030, Western Europe,2038,245,253,498,114.368
2030, Western Europe,2039,245,253,497,114.265
2030, Western Europe,2040,245,252,497,114.151
2030, Western Europe,2041,244,252,496,114.027
2030, Western Europe,2042,244,252,496,113.891
2030, Western Europe,2043,244,251,495,113.743
2030, Western Europe,2044,244,251,494,113.584
2030, Western Europe,2045,243,250,494,113.412
2030, Western Europe,2046,243,250,493,113.228
2030, Western Europe,2047,243,249,492,113.032
2030, Western Europe,2048,242,249,491,112.823
2030, Western Europe,2049,242,248,490,112.604
2030, Western Europe,2050,241,248,489,112.372
2030, Western Europe,2051,241,247,488,112.131
2030, Western Europe,2052,240,247,487,111.878
2030, Western Europe,2053,240,246,486,111.617
2030, Western Europe,2054,239,245,485,111.346
2030, Western Europe,2055,239,245,483,111.067
2030, Western Europe,2056,238,244,482,110.781
2030, Western Europe,2057,238,243,481,110.489
2030, Western Europe,2058,237,243,480,110.191
2030, Western Europe,2059,237,242,478,109.891
2030, Western Europe,2060,236,241,477,109.59
2030, Western Europe,2061,235,240,476,109.288
2030, Western Europe,2062,235,240,474,108.986
2030, Western Europe,2063,234,239,473,108.687
2030, Western Europe,2064,234,238,472,108.392
2030, Western Europe,2065,233,238,471,108.101
2030, Western Europe,2066,232,237,469,107.816
2030, Western Europe,2067,232,236,468,107.538
2030, Western Europe,2068,231,236,467,107.267
2030, Western Europe,2069,231,235,466,107.002
2030, Western Europe,2070,230,234,465,106.745
2030, Western Europe,2071,230,234,464,106.495
2030, Western Europe,2072,229,233,463,106.253
2030, Western Europe,2073,229,233,461,106.018
2030, Western Europe,2074,229,232,461,105.791
2030, Western Europe,2075,228,231,460,105.572
2030, Western Europe,2076,228,231,459,105.36
2030, Western Europe,2077,227,230,458,105.155
2030, Western Europe,2078,227,230,457,104.958
2030, Western Europe,2079,227,229,456,104.768
2030, Western Europe,2080,226,229,455,104.586
2030, Western Europe,2081,226,229,454,104.41
2030, Western Europe,2082,226,228,454,104.242
2030, Western Europe,2083,225,228,453,104.08
2030, Western Europe,2084,225,227,452,103.925
2030, Western Europe,2085,225,227,452,103.778
2030, Western Europe,2086,224,227,451,103.636
2030, Western Europe,2087,224,226,451,103.502
2030, Western Europe,2088,224,226,450,103.373
2030, Western Europe,2089,224,226,449,103.25
2030, Western Europe,2090,223,226,449,103.131
2030, Western Europe,2091,223,225,448,103.018
2030, Western Europe,2092,223,225,448,102.908
2030, Western Europe,2093,223,225,447,102.803
2030, Western Europe,2094,222,225,447,102.701
2030, Western Europe,2095,222,224,447,102.601
2030, Western Europe,2096,222,224,446,102.505
2030, Western Europe,2097,222,224,446,102.41
2030, Western Europe,2098,222,224,445,102.317
2030, Western Europe,2099,221,224,445,102.224
2030, Western Europe,2100,221,223,445,102.131
900,World,1950,1266,1270,2536,19.497
900,World,1951,1290,1294,2584,19.863
900,World,1952,1314,1317,2631,20.223
900,World,1953,1337,1340,2678,20.582
900,World,1954,1361,1364,2725,20.945
900,World,1955,1386,1387,2773,21.316
900,World,1956,1411,1412,2822,21.695
900,World,1957,1436,1437,2873,22.086
900,World,1958,1463,1463,2926,22.489
900,World,1959,1490,1489,2980,22.903
900,World,1960,1518,1517,3035,23.329
900,World,1961,1547,1545,3092,23.766
900,World,1962,1577,1574,3150,24.216
900,World,1963,1607,1604,3211,24.682
900,World,1964,1639,1635,3274,25.166
900,World,1965,1673,1667,3340,25.671
900,World,1966,1707,1701,3408,26.196
900,World,1967,1743,1736,3479,26.74
900,World,1968,1780,1772,3552,27.3
900,World,1969,1818,1808,3626,27.87
900,World,1970,1855,1845,3700,28.444
900,World,1971,1894,1882,3776,29.023
900,World,1972,1932,1920,3852,29.607
900,World,1973,1971,1957,3928,30.192
900,World,1974,2009,1995,4004,30.776
900,World,1975,2048,2032,4079,31.358
900,World,1976,2086,2069,4155,31.936
900,World,1977,2124,2106,4230,32.511
900,World,1978,2162,2143,4305,33.088
900,World,1979,2200,2180,4381,33.672
900,World,1980,2240,2218,4458,34.268
900,World,1981,2280,2257,4537,34.875
900,World,1982,2320,2297,4617,35.493
900,World,1983,2362,2338,4700,36.124
900,World,1984,2405,2379,4784,36.773
900,World,1985,2449,2422,4871,37.442
900,World,1986,2494,2466,4961,38.131
900,World,1987,2541,2511,5053,38.837
900,World,1988,2588,2557,5145,39.552
900,World,1989,2635,2602,5237,40.259
900,World,1990,2681,2646,5327,40.949
900,World,1991,2725,2689,5414,41.618
900,World,1992,2768,2731,5499,42.269
900,World,1993,2810,2772,5582,42.904
900,World,1994,2851,2812,5663,43.531
900,World,1995,2892,2852,5744,44.154
900,World,1996,2933,2892,5825,44.774
900,World,1997,2973,2932,5905,45.391
900,World,1998,3013,2971,5985,46.004
900,World,1999,3053,3011,6064,46.614
900,World,2000,3093,3050,6143,47.223
900,World,2001,3134,3089,6223,47.832
900,World,2002,3174,3128,6302,48.44
900,World,2003,3214,3167,6381,49.051
900,World,2004,3255,3206,6461,49.665
900,World,2005,3296,3245,6542,50.286
900,World,2006,3338,3285,6624,50.913
900,World,2007,3380,3326,6706,51.547
900,World,2008,3423,3367,6789,52.186
900,World,2009,3465,3408,6873,52.829
900,World,2010,3508,3449,6957,53.475
900,World,2011,3550,3491,7041,54.124
900,World,2012,3593,3533,7126,54.774
900,World,2013,3636,3575,7211,55.426
900,World,2014,3678,3617,7295,56.077
900,World,2015,3721,3659,7380,56.727
900,World,2016,3763,3701,7464,57.374
900,World,2017,3805,3742,7548,58.018
900,World,2018,3847,3784,7631,58.658
900,World,2019,3889,3824,7713,59.291
900,World,2020,3930,3865,7795,59.917
900,World,2021,3970,3905,7875,60.533
900,World,2022,4010,3944,7954,61.14
900,World,2023,4049,3983,8032,61.738
900,World,2024,4087,4021,8109,62.329
900,World,2025,4125,4060,8184,62.912
900,World,2026,4162,4097,8259,63.487
900,World,2027,4199,4134,8333,64.054
900,World,2028,4235,4171,8406,64.614
900,World,2029,4270,4207,8478,65.166
900,World,2030,4305,4243,8548,65.71
900,World,2031,4340,4278,8618,66.247
900,World,2032,4374,4313,8687,66.777
900,World,2033,4407,4348,8755,67.298
900,World,2034,4440,4382,8822,67.811
900,World,2035,4472,4415,8888,68.316
900,World,2036,4504,4448,8952,68.812
900,World,2037,4535,4480,9015,69.299
900,World,2038,4566,4512,9078,69.778
900,World,2039,4596,4543,9139,70.248
900,World,2040,4625,4574,9199,70.709
900,World,2041,4654,4604,9258,71.162
900,World,2042,4683,4633,9316,71.606
900,World,2043,4710,4662,9372,72.041
900,World,2044,4738,4690,9428,72.467
900,World,2045,4764,4717,9482,72.884
900,World,2046,4791,4744,9535,73.292
900,World,2047,4816,4771,9587,73.691
900,World,2048,4841,4796,9637,74.08
900,World,2049,4866,4821,9687,74.46
900,World,2050,4889,4846,9735,74.831
900,World,2051,4913,4869,9782,75.192
900,World,2052,4935,4892,9828,75.544
900,World,2053,4958,4915,9873,75.887
900,World,2054,4979,4937,9916,76.221
900,World,2055,5000,4958,9958,76.545
900,World,2056,5020,4979,9999,76.86
900,World,2057,5040,4999,10039,77.166
900,World,2058,5059,5018,10078,77.463
900,World,2059,5078,5037,10115,77.752
900,World,2060,5096,5055,10151,78.032
900,World,2061,5114,5073,10187,78.304
900,World,2062,5131,5090,10221,78.567
900,World,2063,5147,5107,10254,78.823
900,World,2064,5164,5123,10287,79.071
900,World,2065,5179,5139,10318,79.311
900,World,2066,5194,5154,10348,79.543
900,World,2067,5209,5169,10377,79.768
900,World,2068,5223,5183,10406,79.985
900,World,2069,5236,5197,10433,80.195
900,World,2070,5249,5210,10459,80.398
900,World,2071,5262,5223,10485,80.593
900,World,2072,5274,5235,10509,80.781
900,World,2073,5286,5247,10533,80.963
900,World,2074,5297,5259,10555,81.137
900,World,2075,5308,5270,10577,81.305
900,World,2076,5318,5280,10598,81.466
900,World,2077,5328,5291,10618,81.621
900,World,2078,5337,5301,10638,81.77
900,World,2079,5346,5310,10656,81.912
900,World,2080,5354,5319,10674,82.048
900,World,2081,5363,5328,10691,82.177
900,World,2082,5370,5337,10707,82.301
900,World,2083,5378,5345,10722,82.419
900,World,2084,5384,5352,10737,82.531
900,World,2085,5391,5360,10751,82.638
900,World,2086,5397,5367,10764,82.739
900,World,2087,5403,5373,10776,82.835
900,World,2088,5408,5380,10788,82.927
900,World,2089,5413,5386,10799,83.012
900,World,2090,5418,5392,10810,83.093
900,World,2091,5423,5397,10820,83.168
900,World,2092,5427,5402,10829,83.238
900,World,2093,5430,5407,10837,83.303
900,World,2094,5434,5411,10845,83.362
900,World,2095,5437,5415,10852,83.416
900,World,2096,5439,5419,10858,83.464
900,World,2097,5441,5422,10864,83.506
900,World,2098,5443,5425,10868,83.542
900,World,2099,5445,5428,10872,83.573
900,World,2100,5446,5430,10875,83.596
